{
  "hparams": {
    "in_dim": 2,
    "factor": 2,
    "sizes": [
      512,
      256,
      128,
      64,
      32
    ],
    "branches": 3
  },
  "eval_metrics": {
    "accuracy": 0.8013,
    "precision": 0.8039853599023994,
    "recall": 0.7944544906570223,
    "f1": 0.7991915108640728,
    "roc_auc": 0.9041296913842698,
    "confusion_matrix": [
      [
        4059,
        964
      ],
      [
        1023,
        3954
      ]
    ]
  }
}