{
  "hparams": {
    "in_dim": 2,
    "factor": 2,
    "sizes": [
      512,
      256,
      128,
      64,
      32
    ],
    "branches": 3
  },
  "eval_metrics": {
    "accuracy": 0.96761,
    "precision": 0.9666419272661625,
    "recall": 0.9683317927902584,
    "f1": 0.9674861221252974,
    "roc_auc": 0.9953349622244766,
    "confusion_matrix": [
      [
        48571,
        1663
      ],
      [
        1576,
        48190
      ]
    ]
  }
}