{
  "hparams": {
    "in_dim": 2,
    "factor": 2,
    "sizes": [
      256,
      128,
      64
    ],
    "branches": 1
  },
  "eval_metrics": {
    "accuracy": 0.9955,
    "precision": 0.9953666398066076,
    "recall": 0.995567197259722,
    "f1": 0.9954669084315503,
    "roc_auc": 0.999924915888394,
    "confusion_matrix": [
      [
        5014,
        23
      ],
      [
        22,
        4941
      ]
    ]
  }
}