{
  "hparams": {
    "in_dim": 2,
    "factor": 2,
    "sizes": [
      256,
      128,
      64
    ],
    "branches": 1
  },
  "eval_metrics": {
    "accuracy": 0.99486,
    "precision": 0.9951387075390209,
    "recall": 0.9945393587761739,
    "f1": 0.9948389428869788,
    "roc_auc": 0.9996418018819221,
    "confusion_matrix": [
      [
        49947,
        242
      ],
      [
        272,
        49539
      ]
    ]
  }
}