{
  "hparams": {
    "in_dim": 2,
    "factor": 2,
    "sizes": [
      512,
      256,
      128,
      64
    ],
    "branches": 2
  },
  "eval_metrics": {
    "accuracy": 0.9979,
    "precision": 0.9987873888439773,
    "recall": 0.9969739761952794,
    "f1": 0.9978798586572438,
    "roc_auc": 0.9999851989053111,
    "confusion_matrix": [
      [
        5037,
        6
      ],
      [
        15,
        4942
      ]
    ]
  }
}