{
  "hparams": {
    "in_dim": 2,
    "factor": 2,
    "sizes": [
      512,
      256,
      128,
      64
    ],
    "branches": 2
  },
  "eval_metrics": {
    "accuracy": 0.98863,
    "precision": 0.9844919573180443,
    "recall": 0.992812832506876,
    "f1": 0.9886348869985906,
    "roc_auc": 0.9996382340309432,
    "confusion_matrix": [
      [
        49410,
        779
      ],
      [
        358,
        49453
      ]
    ]
  }
}