{
  "hparams": {
    "in_dim": 2,
    "factor": 2,
    "sizes": [
      512,
      256,
      128,
      64
    ],
    "branches": 2
  },
  "eval_metrics": {
    "accuracy": 0.93342,
    "precision": 0.9331004089411205,
    "recall": 0.9346218086375566,
    "f1": 0.9338604891423122,
    "roc_auc": 0.9787768535718571,
    "confusion_matrix": [
      [
        46338,
        3370
      ],
      [
        3288,
        47004
      ]
    ]
  }
}