{
  "hparams": {
    "in_dim": 2,
    "factor": 2,
    "sizes": [
      512,
      256,
      128,
      64
    ],
    "branches": 2
  },
  "eval_metrics": {
    "accuracy": 0.9387,
    "precision": 0.9349335449315612,
    "recall": 0.9429771908763506,
    "f1": 0.9389381412491284,
    "roc_auc": 0.9814338770294203,
    "confusion_matrix": [
      [
        4674,
        328
      ],
      [
        285,
        4713
      ]
    ]
  }
}