{
  "hparams": {
    "in_dim": 2,
    "factor": 2,
    "sizes": [
      256,
      128,
      64
    ],
    "branches": 1
  },
  "eval_metrics": {
    "accuracy": 0.98823,
    "precision": 0.9876802463950721,
    "recall": 0.9887678692988427,
    "f1": 0.9882237585920538,
    "roc_auc": 0.9995207280409771,
    "confusion_matrix": [
      [
        49438,
        616
      ],
      [
        561,
        49385
      ]
    ]
  }
}