{
  "hparams": {
    "in_dim": 2,
    "factor": 2,
    "sizes": [
      256,
      128,
      64
    ],
    "branches": 1
  },
  "eval_metrics": {
    "accuracy": 0.99754,
    "precision": 0.9975824175824176,
    "recall": 0.9975026970871459,
    "f1": 0.9975425557420283,
    "roc_auc": 0.9999661365605017,
    "confusion_matrix": [
      [
        49825,
        121
      ],
      [
        125,
        49929
      ]
    ]
  }
}