{
  "hparams": {
    "in_dim": 2,
    "factor": 2,
    "sizes": [
      256,
      128,
      64
    ],
    "branches": 1
  },
  "eval_metrics": {
    "accuracy": 0.997,
    "precision": 0.9975723244992919,
    "recall": 0.996362901596282,
    "f1": 0.9969672462596038,
    "roc_auc": 0.999962556104337,
    "confusion_matrix": [
      [
        5039,
        12
      ],
      [
        18,
        4931
      ]
    ]
  }
}