{
  "hparams": {
    "in_dim": 2,
    "factor": 2,
    "sizes": [
      256,
      128,
      64
    ],
    "branches": 1
  },
  "eval_metrics": {
    "accuracy": 0.0028,
    "precision": 0.002723376987464456,
    "recall": 0.00271706556918528,
    "f1": 0.0027202176174093927,
    "roc_auc": 4.0345847059396415e-05,
    "confusion_matrix": [
      [
        144,
        49802
      ],
      [
        49918,
        136
      ]
    ]
  }
}