{
  "hparams": {
    "in_dim": 2,
    "factor": 2,
    "sizes": [
      256,
      128,
      64
    ],
    "branches": 1
  },
  "eval_metrics": {
    "accuracy": 0.99228,
    "precision": 0.9925666199158485,
    "recall": 0.9919703644373248,
    "f1": 0.9922684026039058,
    "roc_auc": 0.9997006509689375,
    "confusion_matrix": [
      [
        49689,
        371
      ],
      [
        401,
        49539
      ]
    ]
  }
}