{
  "hparams": {
    "in_dim": 2,
    "factor": 2,
    "sizes": [
      256,
      128,
      64
    ],
    "branches": 1
  },
  "eval_metrics": {
    "accuracy": 0.9926,
    "precision": 0.9935884592266079,
    "recall": 0.9916016796640672,
    "f1": 0.9925940752602082,
    "roc_auc": 0.9998194799927792,
    "confusion_matrix": [
      [
        4967,
        32
      ],
      [
        42,
        4959
      ]
    ]
  }
}