{
  "hparams": {
    "in_dim": 2,
    "factor": 2,
    "sizes": [
      256,
      128,
      64
    ],
    "branches": 1
  },
  "eval_metrics": {
    "accuracy": 0.99223,
    "precision": 0.9910776801968512,
    "recall": 0.9933630093038178,
    "f1": 0.9922190288306513,
    "roc_auc": 0.9997161251395978,
    "confusion_matrix": [
      [
        49682,
        446
      ],
      [
        331,
        49541
      ]
    ]
  }
}