{
  "hparams": {
    "in_dim": 2,
    "factor": 2,
    "sizes": [
      256,
      128,
      64
    ],
    "branches": 1
  },
  "eval_metrics": {
    "accuracy": 0.9915,
    "precision": 0.9936343743783569,
    "recall": 0.9895007923930269,
    "f1": 0.9915632754342432,
    "roc_auc": 0.9996695695475295,
    "confusion_matrix": [
      [
        4920,
        32
      ],
      [
        53,
        4995
      ]
    ]
  }
}